tkr,td,op,hp,lp,cp,vol,oi,eod
ITC,2024-07-29T00:00:00,505.5,506.2,494.05,496.05,12496895,0,True
ONGC,2024-07-29T00:00:00,333.8,339.55,330.75,332.9,26721790,0,True
NTPC,2024-07-29T00:00:00,404.0,408.3,392.65,393.9,27751449,0,True
COALINDIA,2024-07-29T00:00:00,514.5,515.7,507.5,512.15,7259754,0,True
POWERGRID,2024-07-29T00:00:00,339.8,345.9,337.75,342.35,31849674,0,True
WIPRO,2024-07-29T00:00:00,528.0,530.55,522.85,524.4,6005777,0,True
IOC,2024-07-29T00:00:00,178.0,181.7,178.0,180.39,42913186,0,True
JIOFIN,2024-07-29T00:00:00,334.5,335.2,329.5,330.2,12628377,0,True
TATASTEEL,2024-07-29T00:00:00,164.7,164.7,162.33,162.87,31754833,0,True
IRFC,2024-07-29T00:00:00,185.92,197.5,184.64,195.27,109648645,0,True
ZOMATO,2024-07-29T00:00:00,226.62,229.46,224.1,226.89,40644424,0,True
BEL,2024-07-29T00:00:00,312.8,325.6,310.85,321.35,51391698,0,True
PNB,2024-07-29T00:00:00,124.86,128.8,123.54,127.0,144104708,0,True
BANKBARODA,2024-07-29T00:00:00,254.0,260.75,251.3,255.9,32691314,0,True
BPCL,2024-07-29T00:00:00,333.4,338.95,331.05,337.9,20234464,0,True
PFC,2024-07-29T00:00:00,539.0,554.85,537.0,552.85,11024457,0,True
TATAPOWER,2024-07-29T00:00:00,446.95,450.0,441.0,442.25,13720073,0,True
GAIL,2024-07-29T00:00:00,231.5,234.17,230.0,231.87,12472241,0,True
UNIONBANK,2024-07-29T00:00:00,134.25,137.12,134.25,136.86,15178338,0,True
CANBK,2024-07-29T00:00:00,115.2,117.82,115.01,115.91,51072326,0,True
VEDL,2024-07-29T00:00:00,447.0,455.5,438.0,448.95,45433689,0,True
NHPC,2024-07-29T00:00:00,105.25,105.78,104.26,105.36,36122083,0,True
IDBI,2024-07-29T00:00:00,105.0,107.9,103.4,104.07,53710826,0,True
BHEL,2024-07-29T00:00:00,327.0,327.0,319.1,323.05,25820136,0,True
MOTHERSON,2024-07-29T00:00:00,198.0,199.13,193.8,195.72,19608987,0,True
INDUSTOWER,2024-07-29T00:00:00,448.9,449.0,441.1,443.4,10917593,0,True
INDIANB,2024-07-29T00:00:00,589.0,599.9,583.5,587.25,2811831,0,True
HINDPETRO,2024-07-29T00:00:00,386.0,389.3,378.8,381.05,14114983,0,True
BERGEPAINT,2024-07-29T00:00:00,545.5,546.6,537.75,538.8,881090,0,True
OIL,2024-07-29T00:00:00,565.7,592.9,556.7,580.4,9295179,0,True
BANKINDIA,2024-07-29T00:00:00,120.85,126.16,120.4,125.14,24362585,0,True
NMDC,2024-07-29T00:00:00,240.1,245.98,239.25,244.19,10284790,0,True
GICRE,2024-07-29T00:00:00,412.9,418.8,401.9,403.5,3335028,0,True
SAIL,2024-07-29T00:00:00,149.14,150.0,146.8,147.74,15136406,0,True
JSWINFRA,2024-07-29T00:00:00,347.0,349.3,341.0,342.15,1794639,0,True
ASHOKLEY,2024-07-29T00:00:00,249.0,258.85,249.0,256.35,28698736,0,True
SJVN,2024-07-29T00:00:00,149.4,152.25,147.9,150.83,25730974,0,True
NYKAA,2024-07-29T00:00:00,183.51,185.33,182.29,182.85,1441249,0,True
ABCAPITAL,2024-07-29T00:00:00,225.0,225.22,222.5,223.82,3957127,0,True
KALYANKJIL,2024-07-29T00:00:00,571.95,582.0,555.35,572.65,2281355,0,True
AWL,2024-07-29T00:00:00,328.0,349.7,327.1,344.6,14356770,0,True
PETRONET,2024-07-29T00:00:00,370.95,374.4,367.65,370.85,4386843,0,True
L&TFH,2024-04-22T00:00:00,161.65,164.95,160.7,163.75,3010283,0,True
MRPL,2024-07-29T00:00:00,216.01,221.65,214.0,220.17,4877109,0,True
HUDCO,2024-07-29T00:00:00,316.05,319.65,311.35,317.1,15123187,0,True
NIACL,2024-07-29T00:00:00,291.0,295.0,276.5,280.28,7017043,0,True
FEDERALBNK,2024-07-29T00:00:00,199.21,202.19,198.14,201.01,21488147,0,True
IREDA,2024-07-29T00:00:00,261.0,268.35,257.01,266.01,28683160,0,True
POONAWALLA,2024-07-29T00:00:00,380.0,384.85,377.55,381.05,2199811,0,True
M&MFIN,2024-07-29T00:00:00,295.0,304.8,295.0,303.15,2530835,0,True
UPL,2024-07-29T00:00:00,548.05,566.5,545.5,553.15,4404641,0,True
DELHIVERY,2024-07-29T00:00:00,401.0,415.9,400.0,412.4,5657360,0,True
FORTIS,2024-07-29T00:00:00,513.35,517.15,495.35,496.6,762874,0,True
BIOCON,2024-07-29T00:00:00,370.8,370.8,359.8,361.85,4052190,0,True
NLCINDIA,2024-07-29T00:00:00,289.95,293.57,284.5,286.0,3540132,0,True
IGL,2024-07-29T00:00:00,545.0,555.0,541.3,544.15,1798902,0,True
APOLLOTYRE,2024-07-29T00:00:00,557.0,564.6,546.0,551.75,2850913,0,True
JUBLFOOD,2024-07-29T00:00:00,583.1,597.8,577.35,590.85,3982298,0,True
BANDHANBNK,2024-07-29T00:00:00,203.0,220.0,200.11,218.87,133627172,0,True
EIHOTEL,2024-07-29T00:00:00,425.4,438.8,420.55,435.55,1102146,0,True
NATIONALUM,2024-07-29T00:00:00,190.95,193.6,189.21,191.68,8776782,0,True
HINDCOPPER,2024-07-29T00:00:00,318.3,321.0,314.75,315.8,3145736,0,True
EXIDEIND,2024-07-29T00:00:00,557.0,560.0,549.4,551.9,3570024,0,True
PAYTM,2024-07-29T00:00:00,512.75,518.3,490.0,494.05,8506569,0,True
ITI,2024-07-29T00:00:00,310.0,313.8,305.55,308.1,1099503,0,True
KIOCL,2024-07-29T00:00:00,460.35,463.7,456.05,461.5,118871,0,True
NBCC,2024-07-29T00:00:00,175.5,188.8,173.83,187.6,51650690,0,True
KANSAINER,2024-07-29T00:00:00,277.0,284.15,276.5,281.7,1924351,0,True
LAURUSLABS,2024-07-29T00:00:00,450.0,454.85,445.1,451.0,1693940,0,True
IRCON,2024-07-29T00:00:00,277.4,302.4,277.2,299.1,31430780,0,True
ASTERDM,2024-07-29T00:00:00,332.15,344.7,332.15,342.0,1872414,0,True
GSPL,2024-07-29T00:00:00,332.35,343.6,332.35,335.4,1185876,0,True
ABFRL,2024-07-29T00:00:00,333.0,343.0,329.3,340.05,6591242,0,True
CASTROLIND,2024-07-29T00:00:00,268.25,272.0,265.41,268.3,8663689,0,True
DEVYANI,2024-07-29T00:00:00,178.0,180.3,175.32,179.98,3374662,0,True
IDFC,2024-07-29T00:00:00,110.5,113.2,110.5,111.73,9465694,0,True
CIEINDIA,2024-07-29T00:00:00,597.5,597.5,575.85,581.0,460913,0,True
SUMICHEM,2024-07-29T00:00:00,534.15,540.45,518.05,533.75,2895425,0,True
CROMPTON,2024-07-29T00:00:00,444.9,448.5,427.1,432.2,9118472,0,True
PPLPHARMA,2024-07-29T00:00:00,168.0,171.0,164.15,170.28,7186024,0,True
INOXWIND,2024-07-29T00:00:00,175.31,180.96,171.55,173.61,17002539,0,True
CGCL,2024-07-29T00:00:00,210.94,212.55,209.41,210.0,157328,0,True
REDINGTON,2024-07-29T00:00:00,214.5,219.49,211.85,212.8,1306121,0,True
JYOTHYLAB,2024-07-29T00:00:00,555.0,561.3,532.0,537.45,1248928,0,True
CESC,2024-07-29T00:00:00,167.99,170.64,166.33,166.95,3940441,0,True
APTUS,2024-07-29T00:00:00,320.45,323.5,317.25,318.9,375511,0,True
FINPIPE,2024-07-29T00:00:00,328.0,334.35,322.5,328.4,3712425,0,True
J&KBANK,2024-07-29T00:00:00,111.01,116.5,111.01,112.69,14691986,0,True
KARURVYSYA,2024-07-29T00:00:00,224.8,229.81,223.5,228.5,4772513,0,True
MANAPPURAM,2024-07-29T00:00:00,212.09,216.3,211.1,213.22,6548122,0,True
NCC,2024-07-29T00:00:00,337.65,346.5,335.0,340.95,5353404,0,True
RBLBANK,2024-07-29T00:00:00,238.4,241.65,234.2,235.3,13822617,0,True
VGUARD,2024-07-29T00:00:00,464.9,471.0,452.0,459.85,324004,0,True
FSL,2024-07-29T00:00:00,258.6,269.25,257.2,267.19,5842301,0,True
CHAMBLFERT,2024-07-29T00:00:00,498.0,509.5,496.9,504.35,2588139,0,True
WELSPUNLIV,2024-07-29T00:00:00,185.95,190.0,184.13,189.42,6897346,0,True
HSCL,2024-07-29T00:00:00,428.0,429.8,415.6,417.75,1053552,0,True
ZEEL,2024-07-29T00:00:00,143.7,147.94,143.2,144.01,19007931,0,True
HFCL,2024-07-29T00:00:00,123.81,131.0,123.5,129.82,67512941,0,True
HONASA,2024-07-29T00:00:00,475.0,480.95,457.9,462.25,289057,0,True
IIFL,2024-07-29T00:00:00,456.0,462.4,443.2,445.35,1079688,0,True
BLS,2024-07-29T00:00:00,352.3,365.55,352.0,359.05,3346770,0,True
VTL,2024-07-29T00:00:00,564.7,579.35,558.55,568.45,306161,0,True
IEX,2024-07-29T00:00:00,178.5,190.39,178.05,187.04,40759273,0,True
SPARC,2024-07-29T00:00:00,226.9,228.49,225.0,226.98,367622,0,True
GRAPHITE,2024-07-29T00:00:00,525.0,532.5,518.1,520.65,464037,0,True
RAILTEL,2024-07-29T00:00:00,489.5,516.0,488.35,509.7,13323161,0,True
JUNIPER,2024-07-29T00:00:00,428.3,439.95,427.4,433.8,194212,0,True
ENGINERSIN,2024-07-29T00:00:00,257.0,265.0,255.7,263.45,6335913,0,True
JKTYRE,2024-07-29T00:00:00,447.5,457.0,440.2,442.05,1187168,0,True
PNCINFRA,2024-07-29T00:00:00,516.7,529.0,512.1,514.65,508734,0,True
GMDCLTD,2024-07-29T00:00:00,402.2,403.8,395.05,396.15,1619884,0,True
NUVOCO,2024-07-29T00:00:00,352.7,361.0,348.75,355.3,1731430,0,True
RELINFRA,2024-07-29T00:00:00,192.99,200.7,191.74,199.37,7740488,0,True
ANANTRAJ,2024-07-29T00:00:00,561.4,565.0,540.7,557.8,3894743,0,True
ELECTCAST,2024-07-29T00:00:00,212.99,214.5,206.76,210.07,2466501,0,True
DBREALTY,2024-07-29T00:00:00,213.0,217.8,208.35,211.98,8742286,0,True
LATENTVIEW,2024-07-29T00:00:00,542.85,542.85,519.0,521.15,887440,0,True
GRANULES,2024-07-29T00:00:00,563.1,571.95,560.35,564.85,1065244,0,True
LEMONTREE,2024-07-29T00:00:00,147.0,148.79,145.55,145.99,1657050,0,True
GPPL,2024-07-29T00:00:00,222.1,238.8,220.4,232.73,10230681,0,True
PCBL,2024-07-29T00:00:00,292.0,302.45,288.55,299.7,4797892,0,True
CUB,2024-07-29T00:00:00,162.99,174.8,162.09,169.22,16592612,0,True
MINDACORP,2024-07-29T00:00:00,487.5,496.9,481.6,482.95,278303,0,True
MMTC,2024-07-29T00:00:00,107.9,109.4,104.0,105.03,30063860,0,True
SCI,2024-07-29T00:00:00,280.95,292.9,276.85,281.7,13470209,0,True
USHAMART,2024-07-29T00:00:00,375.45,379.9,365.65,370.95,1168328,0,True
STARCEMENT,2024-07-29T00:00:00,213.1,214.0,210.7,213.04,530141,0,True
PRSMJOHNSN,2024-07-29T00:00:00,161.8,164.03,159.98,160.45,417085,0,True
IBULHSGFIN,2024-07-25T00:00:00,165.0,168.74,164.01,164.4,4972365,0,True
SYRMA,2024-07-29T00:00:00,484.0,489.5,479.2,481.0,562576,0,True
MHRIL,2024-07-29T00:00:00,475.0,487.4,461.0,463.1,552462,0,True
KTKBANK,2024-07-29T00:00:00,228.71,245.0,228.71,243.22,10734306,0,True
THOMASCOOK,2024-07-29T00:00:00,254.0,258.09,254.0,255.51,409839,0,True
GSFC,2024-07-29T00:00:00,238.0,241.85,237.1,237.98,2191537,0,True
RAJESHEXPO,2024-07-29T00:00:00,315.0,322.6,314.0,315.35,498638,0,True
TMB,2024-07-29T00:00:00,464.3,467.95,457.05,457.95,225639,0,True
MANINFRA,2024-07-29T00:00:00,215.08,218.8,207.34,209.42,2218569,0,True
VIPIND,2024-07-29T00:00:00,472.0,473.4,466.9,467.9,237287,0,True
RESPONIND,2024-07-29T00:00:00,292.0,295.45,290.35,292.7,120128,0,True
MIDHANI,2024-07-29T00:00:00,499.75,501.8,490.3,494.9,714570,0,True
EMIL,2024-07-29T00:00:00,228.0,229.4,223.0,224.68,555636,0,True
GAEL,2024-07-29T00:00:00,142.99,142.99,138.84,139.76,1033228,0,True
BALRAMCHIN,2024-07-29T00:00:00,465.1,474.8,463.0,470.2,2880173,0,True
SARDAEN,2024-07-29T00:00:00,278.7,280.0,274.01,278.74,318310,0,True
JMFINANCIL,2024-07-29T00:00:00,103.36,104.3,101.6,102.45,3321925,0,True
CHEMPLASTS,2024-07-29T00:00:00,532.7,545.8,528.2,534.3,162670,0,True
ARVIND,2024-07-29T00:00:00,392.0,402.0,371.3,374.3,2699039,0,True
RCF,2024-07-29T00:00:00,215.0,218.9,212.86,215.45,6329003,0,True
ICIL,2024-07-29T00:00:00,411.0,419.9,406.4,418.15,500272,0,True
KNRCON,2024-07-29T00:00:00,370.0,392.5,368.6,389.1,5804611,0,True
FDC,2024-07-29T00:00:00,515.0,547.2,508.4,529.2,1920681,0,True
RELIGARE,2024-07-29T00:00:00,259.0,262.55,253.92,258.06,1408832,0,True
MARKSANS,2024-07-29T00:00:00,203.0,206.51,200.0,201.85,1759348,0,True
NIITMTS,2024-07-29T00:00:00,489.7,496.9,484.6,488.35,104718,0,True
TRIVENI,2024-07-29T00:00:00,414.95,422.9,410.5,412.25,949810,0,True
TVSSCS,2024-07-29T00:00:00,192.4,197.35,190.5,194.82,2855165,0,True
SAREGAMA,2024-07-29T00:00:00,546.7,562.25,543.35,552.95,480627,0,True
DBL,2024-07-29T00:00:00,522.9,524.15,512.05,514.1,289382,0,True
BLUEJET,2024-07-29T00:00:00,445.75,453.7,441.5,444.55,246833,0,True
INDIACEM,2024-07-29T00:00:00,379.5,385.0,370.55,372.85,30958196,0,True
CAMPUS,2024-07-29T00:00:00,313.7,315.7,306.95,309.7,1481430,0,True
LTFOODS,2024-07-29T00:00:00,289.1,291.5,284.3,286.05,518170,0,True
BORORENEW,2024-07-29T00:00:00,543.0,553.55,535.05,536.55,901079,0,True
LXCHEM,2024-07-29T00:00:00,265.0,265.05,257.0,257.45,2848664,0,True
GREENLAM,2024-07-29T00:00:00,568.2,568.5,558.0,561.8,12630,0,True
CMSINFO,2024-07-29T00:00:00,564.0,591.6,559.8,587.25,1322962,0,True
KRBL,2024-07-29T00:00:00,309.1,313.95,306.6,312.05,922136,0,True
TEXRAIL,2024-07-29T00:00:00,277.9,283.99,270.3,281.71,7551894,0,True
IBREALEST,2024-07-05T00:00:00,149.19,153.0,148.6,150.35,9290772,0,True
JINDWORLD,2024-07-29T00:00:00,380.0,383.65,374.95,378.35,363153,0,True
PDSL,2024-07-29T00:00:00,554.35,587.15,554.35,571.55,212754,0,True
CSBBANK,2024-07-29T00:00:00,360.8,368.15,338.75,344.55,1423701,0,True
SHAREINDIA,2024-07-29T00:00:00,308.9,309.9,302.8,305.15,616754,0,True
VAIBHAVGBL,2024-07-29T00:00:00,333.05,338.55,328.05,331.5,422168,0,True
ARVINDFASN,2024-07-29T00:00:00,495.7,510.0,485.3,490.1,592545,0,True
GENUSPOWER,2024-07-29T00:00:00,383.85,383.85,368.55,371.8,2607198,0,True
TIPSINDLTD,2024-07-29T00:00:00,618.9,624.95,596.65,599.6,713041,0,True
SIS,2024-07-29T00:00:00,423.9,425.75,418.25,421.25,119103,0,True
SANDUMA,2024-07-29T00:00:00,580.0,583.8,562.6,565.3,145108,0,True
UJJIVAN,2024-05-02T00:00:00,580.0,592.9,573.0,589.5,2975180,0,True
ITDCEM,2024-07-29T00:00:00,510.1,523.65,502.0,509.9,932145,0,True
EPL,2024-07-29T00:00:00,223.1,226.7,222.55,224.41,672846,0,True
SUPRAJIT,2024-07-29T00:00:00,549.85,565.95,539.8,541.5,191123,0,True
SUNTECK,2024-07-29T00:00:00,595.8,612.4,592.75,598.1,554679,0,True
HEMIPROP,2024-07-29T00:00:00,221.8,224.55,218.41,219.43,793504,0,True
MOIL,2024-07-29T00:00:00,498.1,500.7,491.25,494.0,840999,0,True
TIMETECHNO,2024-07-29T00:00:00,339.9,342.8,336.05,337.95,1031717,0,True
ASKAUTOLTD,2024-07-29T00:00:00,400.1,433.8,397.15,416.95,1223447,0,True
SURYAROSNI,2024-07-29T00:00:00,610.0,617.0,597.0,598.8,191527,0,True
PTC,2024-07-29T00:00:00,226.0,227.0,222.5,223.9,902462,0,True
JKPAPER,2024-07-29T00:00:00,524.2,531.0,512.35,516.95,658122,0,True
CHOICEIN,2024-07-29T00:00:00,400.5,400.55,390.0,391.45,635758,0,True
HNDFDS,2024-07-29T00:00:00,591.35,603.9,588.65,595.05,73796,0,True
KESORAMIND,2024-07-29T00:00:00,218.0,222.14,216.0,216.79,952230,0,True
JAMNAAUTO,2024-07-29T00:00:00,138.54,140.5,136.58,137.78,6811351,0,True
RSYSTEMS,2024-07-29T00:00:00,484.35,492.0,475.05,484.35,88053,0,True
RAIN,2024-07-29T00:00:00,165.99,170.45,165.61,166.78,2052801,0,True
JAICORPLTD,2024-07-29T00:00:00,376.5,381.95,372.6,375.8,666145,0,True
RBA,2024-07-29T00:00:00,109.0,111.5,108.96,110.07,3000821,0,True
GATEWAY,2024-07-29T00:00:00,112.5,115.49,111.6,111.92,2050717,0,True
PURVA,2024-07-29T00:00:00,458.0,467.25,450.4,464.2,135966,0,True
RALLIS,2024-07-29T00:00:00,343.0,348.25,338.2,340.65,457601,0,True
VRLLOG,2024-07-29T00:00:00,569.0,576.85,567.9,570.25,78157,0,True
GABRIEL,2024-07-29T00:00:00,501.95,505.5,493.55,503.35,240668,0,True
PRICOLLTD,2024-07-29T00:00:00,503.0,503.65,496.0,500.7,248406,0,True
HCG,2024-07-29T00:00:00,357.0,362.25,355.1,356.1,71271,0,True
DBCORP,2024-07-29T00:00:00,358.95,358.95,343.85,346.65,393268,0,True
FUSION,2024-07-29T00:00:00,438.05,440.85,434.05,435.1,105134,0,True
MASFIN,2024-07-29T00:00:00,294.0,294.0,288.95,289.55,172022,0,True
SULA,2024-07-29T00:00:00,500.95,500.95,495.8,497.85,199427,0,True
TDPOWERSYS,2024-07-29T00:00:00,397.0,418.7,393.05,399.45,1039241,0,True
GALLANTT,2024-07-29T00:00:00,328.45,331.0,312.0,313.5,40150,0,True
SAMHI,2024-07-29T00:00:00,185.1,186.4,181.45,185.92,614990,0,True
GOPAL,2024-07-29T00:00:00,334.4,343.0,333.0,341.05,138256,0,True
JTEKTINDIA,2024-07-29T00:00:00,212.89,214.35,207.74,209.75,136421,0,True
HEIDELBERG,2024-07-29T00:00:00,239.39,241.6,234.5,236.85,647325,0,True
SUNDARMHLD,2024-07-29T00:00:00,269.7,277.25,268.95,272.35,160743,0,True
STLTECH,2024-07-29T00:00:00,150.0,152.45,147.01,147.75,2753204,0,True
ASHOKA,2024-07-29T00:00:00,264.0,267.7,251.01,253.94,2567271,0,True
PGEL,2024-07-29T00:00:00,443.6,467.0,440.05,461.95,1455470,0,True
NFL,2024-07-29T00:00:00,147.7,150.5,144.89,146.91,7736134,0,True
GHCL,2024-07-29T00:00:00,547.7,564.0,542.3,551.05,380902,0,True
WELENT,2024-07-29T00:00:00,531.55,541.5,525.05,537.75,157648,0,True
FEDFINA,2024-07-29T00:00:00,124.8,124.8,123.2,123.88,487823,0,True
NOCIL,2024-07-29T00:00:00,310.5,317.95,305.0,306.35,1436648,0,True
TARC,2024-07-29T00:00:00,203.82,208.8,200.0,202.36,405836,0,True
ORIENTELEC,2024-07-29T00:00:00,277.35,283.15,274.1,275.8,600777,0,True
BOROLTD,2024-07-29T00:00:00,367.2,368.0,355.7,359.7,255188,0,True
BALMLAWRIE,2024-07-29T00:00:00,291.3,295.0,287.55,288.75,378677,0,True
FCL,2024-07-29T00:00:00,379.35,384.55,373.55,378.05,352477,0,True
PARKHOTELS,2024-07-29T00:00:00,190.05,192.59,187.54,191.72,439042,0,True
MAXESTATES,2024-07-29T00:00:00,551.0,573.2,550.2,565.05,100033,0,True
TI,2024-07-29T00:00:00,250.45,260.85,245.2,258.05,1538750,0,True
ORIENTCEM,2024-07-29T00:00:00,340.6,363.45,338.95,343.95,7208490,0,True
AARTIDRUGS,2024-07-29T00:00:00,508.0,520.0,500.0,503.25,365213,0,True
AARTIPHARM,2024-07-29T00:00:00,607.0,607.0,594.9,599.0,160422,0,True
ADVENZYMES,2024-07-29T00:00:00,403.95,437.65,403.0,420.35,1704051,0,True
GREENPANEL,2024-07-29T00:00:00,320.0,339.0,320.0,333.55,290731,0,True
BBOX,2024-07-29T00:00:00,460.0,473.05,457.1,473.05,163737,0,True
IIFLSEC,2024-07-29T00:00:00,196.0,200.85,194.99,197.12,941173,0,True
DCBBANK,2024-07-29T00:00:00,126.98,128.4,124.9,125.24,4467336,0,True
DCAL,2024-07-29T00:00:00,169.5,172.03,168.5,169.0,222503,0,True
HARSHA,2024-07-29T00:00:00,535.0,545.95,531.05,533.15,97718,0,True
YATHARTH,2024-07-29T00:00:00,474.9,480.0,459.75,464.5,350623,0,True
ZAGGLE,2024-07-29T00:00:00,325.35,338.05,323.05,335.3,3254726,0,True
KOLTEPATIL,2024-07-29T00:00:00,411.0,417.9,397.0,399.5,345718,0,True
MEDIASSIST,2024-07-29T00:00:00,580.0,583.2,566.0,576.55,89220,0,True
INOXGREEN,2024-07-29T00:00:00,171.0,174.49,168.5,169.64,3485447,0,True
SSWL,2024-07-29T00:00:00,239.01,241.09,234.42,236.3,292658,0,True
UNICHEMLAB,2024-07-29T00:00:00,541.9,550.35,532.05,539.1,16768,0,True
ASHAPURMIN,2024-07-29T00:00:00,387.5,389.75,364.1,369.2,192485,0,True
MUTHOOTMF,2024-07-29T00:00:00,247.0,247.0,239.82,241.06,252356,0,True
SUNFLAG,2024-07-29T00:00:00,249.35,252.2,245.25,246.66,271728,0,True
SKIPPER,2024-07-29T00:00:00,360.2,378.0,360.2,369.7,659043,0,True
LAOPALA,2024-07-29T00:00:00,321.8,324.0,319.0,320.75,100773,0,True
LUMAXTECH,2024-07-29T00:00:00,579.7,589.2,568.05,574.15,75205,0,True
DCXINDIA,2024-07-29T00:00:00,394.5,397.75,382.1,384.7,241071,0,True
BOMDYEING,2024-07-29T00:00:00,234.5,236.0,227.5,228.9,1625426,0,True
HIKAL,2024-07-29T00:00:00,359.7,362.9,354.05,355.65,240323,0,True
AVALON,2024-07-29T00:00:00,527.0,527.0,514.1,518.45,56622,0,True
JTLIND,2024-07-29T00:00:00,214.5,215.9,209.5,213.48,1734189,0,True
HERITGFOOD,2024-07-29T00:00:00,571.95,578.95,563.0,565.15,653500,0,True
NAVNETEDUL,2024-07-29T00:00:00,155.98,164.7,155.98,162.74,1631990,0,True
KALAMANDIR,2024-07-29T00:00:00,172.41,174.73,171.0,172.84,250770,0,True
INDOCO,2024-07-29T00:00:00,323.1,336.2,323.1,329.7,208035,0,True
BAJAJCON,2024-07-29T00:00:00,275.95,278.9,274.0,278.05,353951,0,True
PRAKASH,2024-07-29T00:00:00,193.0,196.56,190.05,191.88,693036,0,True
DELTACORP,2024-07-29T00:00:00,134.2,137.5,134.2,135.12,1413183,0,True
MAHLOG,2024-07-29T00:00:00,548.95,549.0,527.35,530.65,212978,0,True
PFOCUS,2024-07-29T00:00:00,143.55,147.63,143.5,145.88,130810,0,True
GREAVESCOT,2024-07-29T00:00:00,165.9,170.95,165.06,167.36,3126620,0,True
DOLLAR,2024-07-29T00:00:00,510.0,527.95,508.2,511.0,671921,0,True
UFLEX,2024-07-29T00:00:00,576.0,580.0,567.65,570.7,138230,0,True
SHARDACROP,2024-07-29T00:00:00,565.0,565.1,550.2,553.3,283080,0,True
SEQUENT,2024-07-29T00:00:00,148.7,149.9,141.16,142.16,1222167,0,True
GREENPLY,2024-07-29T00:00:00,326.8,327.8,311.55,317.15,262450,0,True
SHK,2024-07-29T00:00:00,197.9,199.75,196.06,196.46,233808,0,True
GUFICBIO,2024-07-29T00:00:00,351.95,356.4,346.1,351.15,52170,0,True
BLSE,2024-07-29T00:00:00,231.0,232.05,221.5,225.7,602710,0,True
HLEGLAS,2024-07-29T00:00:00,451.2,456.9,441.65,443.2,97040,0,True
ASHIANA,2024-07-29T00:00:00,417.7,417.7,399.0,401.6,102093,0,True
DALMIASUG,2024-07-29T00:00:00,407.25,414.45,405.65,408.45,145846,0,True
HINDWAREAP,2024-07-29T00:00:00,459.4,462.0,441.0,451.0,155041,0,True
SAGCEM,2024-07-29T00:00:00,245.0,251.95,241.05,244.9,427435,0,True
SAKSOFT,2024-07-29T00:00:00,299.0,300.9,292.0,293.65,135720,0,True
APOLLO,2024-07-29T00:00:00,124.0,125.39,121.25,122.0,3665351,0,True
SUPRIYA,2024-07-29T00:00:00,392.5,411.75,390.6,407.85,389782,0,True
FLAIR,2024-07-29T00:00:00,305.0,322.4,304.95,318.0,222827,0,True
ISMTLTD,2024-07-29T00:00:00,147.8,148.0,135.11,139.57,1663616,0,True
NRBBEARING,2024-07-29T00:00:00,330.5,339.0,327.15,329.35,87442,0,True
DREAMFOLKS,2024-07-29T00:00:00,474.0,478.3,470.2,472.15,94546,0,True
SHALBY,2024-07-29T00:00:00,281.3,287.25,280.45,284.45,144136,0,True
QUICKHEAL,2024-07-29T00:00:00,605.0,647.3,578.05,589.35,440992,0,True
REPCOHOME,2024-07-29T00:00:00,541.75,546.95,535.1,538.25,150557,0,True
PARAGMILK,2024-07-29T00:00:00,200.34,202.0,198.0,198.64,924307,0,True
BAJEL,2024-07-29T00:00:00,300.0,300.5,290.0,291.05,346752,0,True
GIPCL,2024-07-29T00:00:00,243.9,247.49,236.75,238.31,562446,0,True
EVEREADY,2024-07-29T00:00:00,423.35,435.95,418.2,421.05,516820,0,True
TAJGVK,2024-07-29T00:00:00,335.0,338.5,331.0,332.85,140948,0,True
TIRUMALCHM,2024-07-29T00:00:00,342.45,350.4,341.0,346.1,785633,0,True
EXICOM,2024-07-29T00:00:00,460.0,479.0,458.95,472.75,437959,0,True
FINOPB,2024-07-29T00:00:00,303.7,305.95,297.85,301.15,137377,0,True
UNIPARTS,2024-07-29T00:00:00,495.45,504.0,494.1,499.65,114788,0,True
INDOSTAR,2024-07-29T00:00:00,251.93,260.0,250.0,252.78,393446,0,True
HINDOILEXP,2024-07-29T00:00:00,270.0,276.4,262.85,266.78,5019488,0,True
IPL,2024-07-29T00:00:00,218.0,222.65,217.01,218.01,567171,0,True
BSHSL,2024-07-29T00:00:00,205.0,205.0,196.1,197.63,31647,0,True
SATIN,2024-07-29T00:00:00,224.0,226.0,220.1,220.98,358806,0,True
AXISCADES,2024-07-29T00:00:00,572.0,575.05,559.25,562.8,82665,0,True
ARTEMISMED,2024-07-29T00:00:00,249.99,265.9,249.99,260.72,579568,0,True
PRECWIRE,2024-07-29T00:00:00,163.1,163.5,159.34,159.8,247380,0,True
VIDHIING,2024-07-29T00:00:00,436.05,447.1,429.95,432.15,27929,0,True
APCOTEXIND,2024-07-29T00:00:00,475.7,490.0,462.15,466.05,148850,0,True
HUHTAMAKI,2024-07-29T00:00:00,385.0,400.95,373.65,376.15,830104,0,True
GOCLCORP,2024-07-29T00:00:00,438.2,445.0,425.05,429.2,282152,0,True
YATRA,2024-07-29T00:00:00,134.85,135.0,130.5,130.93,441091,0,True
KCP,2024-07-29T00:00:00,256.3,257.3,249.02,253.21,583840,0,True
JAGRAN,2024-07-29T00:00:00,102.5,103.9,100.8,101.35,481314,0,True
SANGAMIND,2024-07-29T00:00:00,435.15,436.75,412.05,416.5,58484,0,True
BEPL,2024-07-29T00:00:00,157.15,158.4,153.0,153.33,1726158,0,True
CAPACITE,2024-07-29T00:00:00,318.05,324.05,313.5,317.1,1098412,0,True
SUVEN,2024-07-29T00:00:00,150.8,152.59,140.46,140.56,733151,0,True
MANINDS,2024-07-29T00:00:00,471.95,477.0,456.05,458.8,239564,0,True
IKIO,2024-07-29T00:00:00,301.0,330.0,298.65,325.7,1330635,0,True
OPTIEMUS,2024-07-29T00:00:00,451.05,457.0,443.0,447.95,640385,0,True
MUKANDLTD,2024-07-29T00:00:00,184.3,187.68,179.0,181.18,834926,0,True
UDS,2024-07-29T00:00:00,321.5,329.0,317.0,318.8,553439,0,True
ALEMBICLTD,2024-07-29T00:00:00,156.01,158.15,150.25,151.18,1421420,0,True
IOLCP,2024-07-29T00:00:00,416.5,444.5,416.05,426.75,781460,0,True
MBAPL,2024-07-29T00:00:00,224.25,258.9,224.23,246.52,297745,0,True
TARSONS,2024-07-29T00:00:00,524.95,538.6,512.6,533.55,267106,0,True
VISHNU,2024-07-29T00:00:00,459.0,465.5,455.0,459.8,213363,0,True
RPTECH,2024-07-29T00:00:00,423.85,436.7,410.0,412.3,668814,0,True
ORIENTHOT,2024-07-29T00:00:00,145.0,145.95,140.51,141.37,314224,0,True
WEBELSOLAR,2024-07-29T00:00:00,598.0,605.15,585.0,593.45,81446,0,True
UGROCAP,2024-07-29T00:00:00,265.95,268.45,259.95,262.5,243131,0,True
SDBL,2024-07-29T00:00:00,112.5,114.5,111.05,111.75,890550,0,True
ADFFOODS,2024-07-29T00:00:00,235.0,238.8,231.25,232.3,184383,0,True
MUFIN,2024-07-29T00:00:00,116.0,116.0,111.4,112.23,114167,0,True
THEMISMED,2024-07-29T00:00:00,262.0,272.35,255.0,256.77,518810,0,True
PANAMAPET,2024-07-29T00:00:00,426.0,452.2,426.0,439.95,549565,0,True
SIGNPOST,2024-07-29T00:00:00,256.25,262.8,246.75,251.15,91134,0,True
HITECH,2024-07-29T00:00:00,154.0,154.72,148.41,149.56,745486,0,True
SIYSIL,2024-07-29T00:00:00,524.25,532.0,516.2,523.55,69520,0,True
DEEPINDS,2024-07-29T00:00:00,308.5,315.0,304.1,306.3,267460,0,True
PNBGILTS,2024-07-29T00:00:00,127.65,132.4,127.65,129.77,824709,0,True
RICOAUTO,2024-07-29T00:00:00,135.51,135.99,131.31,132.0,959841,0,True
GANDHAR,2024-07-29T00:00:00,215.5,215.5,209.52,210.33,248700,0,True
BARBEQUE,2024-07-29T00:00:00,550.05,554.25,545.8,547.8,30221,0,True
ANDHRAPAP,2024-07-29T00:00:00,576.0,577.0,571.05,575.6,75838,0,True
IRMENERGY,2024-07-29T00:00:00,463.0,466.7,451.3,455.9,92691,0,True
SHRIRAMPPS,2024-07-29T00:00:00,107.99,109.0,105.23,105.75,1125888,0,True
RUPA,2024-07-29T00:00:00,288.9,330.5,287.05,319.6,6449574,0,True
PRECAM,2024-07-29T00:00:00,189.25,198.55,187.41,197.42,510285,0,True
BHARATWIRE,2024-07-29T00:00:00,260.0,267.55,254.55,262.7,280655,0,True
GTPL,2024-07-29T00:00:00,165.2,169.43,164.8,165.13,67291,0,True
VPRPL,2024-07-29T00:00:00,245.0,268.5,244.89,265.3,9026590,0,True
SCILAL,2024-07-29T00:00:00,101.89,104.67,99.8,101.16,5546151,0,True
SESHAPAPER,2024-07-29T00:00:00,342.0,348.9,339.0,343.45,98520,0,True
NITINSPIN,2024-07-29T00:00:00,431.95,440.95,420.05,421.75,341614,0,True
GOLDIAM,2024-07-29T00:00:00,194.0,194.01,187.85,188.96,485609,0,True
FMGOETZE,2024-07-29T00:00:00,431.0,440.0,427.7,431.55,64143,0,True
PENIND,2024-07-29T00:00:00,181.0,198.7,180.1,196.49,3741095,0,True
GEPIL,2024-07-29T00:00:00,527.95,535.45,515.0,519.25,191035,0,True
PVSL,2024-07-29T00:00:00,245.0,245.0,241.31,242.95,58849,0,True
63MOONS,2024-07-29T00:00:00,363.0,363.0,344.3,356.2,257652,0,True
CANTABIL,2024-07-29T00:00:00,280.01,293.45,280.01,284.0,509053,0,True
RAMCOIND,2024-07-29T00:00:00,248.8,256.36,239.36,242.47,265890,0,True
VSSL,2024-07-29T00:00:00,297.0,299.6,285.55,286.6,94604,0,True
SURYODAY,2024-07-29T00:00:00,184.0,199.5,184.0,191.57,1115666,0,True
TNPL,2024-07-29T00:00:00,262.2,262.9,258.2,259.6,111435,0,True
RISHABH,2024-07-29T00:00:00,430.9,435.95,428.3,430.85,55130,0,True
SERVOTECH,2024-07-29T00:00:00,123.0,124.5,118.4,119.49,1226803,0,True
BHAGCHEM,2024-07-29T00:00:00,357.27,389.3,351.0,362.85,787547,0,True
OMAXE,2024-07-29T00:00:00,154.72,154.72,149.07,154.72,592143,0,True
GNA,2024-07-29T00:00:00,423.15,426.5,420.4,422.15,34276,0,True
GOKULAGRO,2024-07-29T00:00:00,173.0,183.39,171.21,180.56,450648,0,True
TALBROAUTO,2024-07-29T00:00:00,365.0,370.0,355.8,361.1,234913,0,True
DCMSRIND,2024-07-29T00:00:00,218.97,226.75,218.97,220.26,215156,0,True
MOTISONS,2024-07-29T00:00:00,157.69,159.2,154.05,155.3,421353,0,True
5PAISA,2024-07-29T00:00:00,484.8,491.0,481.0,488.45,38234,0,True
KIRIINDUS,2024-07-29T00:00:00,357.0,359.9,353.95,355.3,141430,0,True
CAPITALSFB,2024-07-29T00:00:00,345.95,349.85,344.55,347.85,34658,0,True
INDRAMEDCO,2024-07-29T00:00:00,274.03,282.0,267.01,269.98,663242,0,True
AEROFLEX,2024-07-29T00:00:00,162.0,162.0,156.0,156.28,514381,0,True
SIRCA,2024-07-29T00:00:00,357.25,364.0,351.75,359.3,148224,0,True
BLKASHYAP,2024-07-29T00:00:00,108.09,113.4,107.0,108.29,2189059,0,True
TFCILTD,2024-07-29T00:00:00,187.99,193.71,186.21,191.35,892126,0,True
GEOJITFSL,2024-07-29T00:00:00,118.65,120.69,114.52,115.08,2241518,0,True
SBGLP,2024-07-29T00:00:00,123.8,123.8,121.01,122.04,88406,0,True
SMSPHARMA,2024-07-29T00:00:00,280.1,285.9,275.76,278.42,173347,0,True
CAMLINFINE,2024-07-29T00:00:00,121.39,124.89,120.0,120.87,1500941,0,True
REFEX,2024-07-29T00:00:00,250.9,254.9,248.56,251.44,649406,0,True
KRISHANA,2024-07-29T00:00:00,278.95,309.45,277.1,288.65,208623,0,True
EKC,2024-07-29T00:00:00,164.87,164.87,158.25,159.99,1033965,0,True
EPACK,2024-07-29T00:00:00,272.0,273.3,267.5,269.11,1340562,0,True
GPTHEALTH,2024-07-29T00:00:00,174.99,175.48,170.57,173.57,174180,0,True
SHREDIGCEM,2024-07-29T00:00:00,106.0,107.0,103.22,103.64,2029201,0,True
NIITLTD,2024-07-29T00:00:00,128.6,130.79,124.9,127.82,3294707,0,True
BIGBLOC,2024-07-29T00:00:00,277.59,277.59,265.15,266.65,146132,0,True
SHALPAINTS,2024-07-29T00:00:00,143.79,147.2,143.74,143.9,100950,0,True
KAMDHENU,2024-07-29T00:00:00,516.1,524.75,507.0,510.35,195303,0,True
RKSWAMY,2024-07-29T00:00:00,317.0,317.7,307.0,310.85,650103,0,True
NAVKARCORP,2024-07-29T00:00:00,150.0,155.7,145.1,153.13,2291994,0,True
DHAMPURSUG,2024-07-29T00:00:00,221.95,227.3,221.0,222.0,840126,0,True
NDTV,2024-07-29T00:00:00,222.9,227.88,216.01,220.76,431375,0,True
ARIHANTSUP,2024-07-29T00:00:00,344.5,345.75,338.0,339.95,115385,0,True
KUANTUM,2024-07-29T00:00:00,161.0,163.19,158.2,159.22,70411,0,True
APTECHT,2024-07-29T00:00:00,223.5,229.0,223.0,225.08,572596,0,True
INDIANHUME,2024-07-29T00:00:00,518.95,541.0,516.1,529.9,338551,0,True
AHL,2024-07-29T00:00:00,563.0,576.5,550.25,560.55,823940,0,True
GANESHBE,2024-07-29T00:00:00,171.67,177.0,170.1,171.18,368643,0,True
SMCGLOBAL,2024-07-29T00:00:00,160.0,162.24,158.0,159.99,353502,0,True
MADRASFERT,2024-07-29T00:00:00,116.95,119.75,115.23,116.29,832277,0,True
IGARASHI,2024-07-29T00:00:00,543.2,578.0,536.0,562.75,294830,0,True
JAYBARMARU,2024-07-29T00:00:00,111.63,124.8,111.1,121.69,2848142,0,True
TVTODAY,2024-07-29T00:00:00,249.9,271.1,249.51,261.17,1013883,0,True
XCHANGING,2024-07-29T00:00:00,140.25,142.95,135.95,136.52,800747,0,True
ANDHRSUGAR,2024-07-29T00:00:00,120.0,120.88,116.8,117.17,699263,0,True
KOPRAN,2024-07-29T00:00:00,261.0,266.1,255.5,259.9,385083,0,True
ENIL,2024-07-29T00:00:00,247.42,254.94,246.99,252.41,67125,0,True
VERANDA,2024-07-29T00:00:00,278.01,291.0,278.01,281.37,84039,0,True
MVGJL,2024-07-29T00:00:00,252.99,253.79,242.25,243.47,94831,0,True
OMINFRAL,2024-07-29T00:00:00,215.5,215.5,215.5,215.5,101819,0,True
KITEX,2024-07-29T00:00:00,232.9,236.3,229.0,231.21,327325,0,True
TEXINFRA,2024-07-29T00:00:00,138.49,141.01,135.97,139.45,1184560,0,True
HIMATSEIDE,2024-07-29T00:00:00,144.6,146.28,139.45,140.12,1262483,0,True
DOLATALGO,2024-07-29T00:00:00,136.5,139.99,135.2,137.88,1350292,0,True
MANGCHEFER,2024-07-29T00:00:00,123.99,126.9,123.21,124.0,345140,0,True
UTTAMSUGAR,2024-07-29T00:00:00,332.35,339.55,331.5,332.8,95210,0,True
MARINE,2024-07-29T00:00:00,253.7,253.7,235.0,236.84,640844,0,True
BLISSGVS,2024-07-29T00:00:00,118.0,124.4,118.0,121.58,1043011,0,True
SAURASHCEM,2024-07-29T00:00:00,145.0,146.0,135.7,139.57,372811,0,True
SICALLOG,2024-07-29T00:00:00,138.62,138.62,138.62,138.62,2292,0,True
PAKKA,2024-07-29T00:00:00,276.0,284.1,271.1,274.7,248998,0,True
HERANBA,2024-07-29T00:00:00,395.25,406.15,393.0,401.2,182661,0,True
RAMRAT,2024-07-29T00:00:00,433.0,440.05,417.3,424.7,70431,0,True
DVL,2024-07-29T00:00:00,390.55,426.75,386.45,416.6,437017,0,True
NELCAST,2024-07-29T00:00:00,150.12,152.94,149.11,150.25,135427,0,True
KOKUYOCMLN,2024-07-29T00:00:00,155.5,167.21,155.5,163.51,664554,0,True
STERTOOLS,2024-07-29T00:00:00,385.25,400.0,378.75,390.0,104914,0,True
TIL,2024-07-29T00:00:00,321.4,321.4,303.0,321.4,24497,0,True
CSLFINANCE,2024-07-29T00:00:00,530.0,533.0,501.0,503.9,136545,0,True
GICHSGFIN,2024-07-29T00:00:00,258.9,260.9,256.0,258.33,264273,0,True
SATIA,2024-07-29T00:00:00,126.82,126.82,124.21,125.11,251768,0,True
MUFTI,2024-07-29T00:00:00,161.9,162.54,159.51,159.91,230129,0,True
CREST,2024-07-29T00:00:00,460.0,469.0,441.55,451.65,200034,0,True
ASIANENE,2024-07-29T00:00:00,327.05,343.05,321.15,341.25,103626,0,True
CLSEL,2024-07-29T00:00:00,226.0,226.2,218.0,219.22,102950,0,True
HUBTOWN,2024-07-29T00:00:00,231.54,231.54,231.54,231.54,59411,0,True
VALIANTORG,2024-07-29T00:00:00,400.0,401.75,390.0,392.25,49507,0,True
KABRAEXTRU,2024-07-29T00:00:00,402.0,408.85,400.65,403.9,106258,0,True
GULPOLY,2024-07-29T00:00:00,200.0,201.11,197.13,197.62,82703,0,True
HEUBACHIND,2024-07-29T00:00:00,507.75,507.75,490.0,491.05,50161,0,True
OAL,2024-07-29T00:00:00,463.9,494.55,461.65,470.7,45654,0,True
ONWARDTEC,2024-07-29T00:00:00,465.0,465.0,450.05,453.0,61901,0,True
ROHLTD,2024-07-29T00:00:00,358.0,366.0,357.0,363.5,238495,0,True
BLAL,2024-07-29T00:00:00,326.05,336.5,326.05,328.35,393554,0,True
SATINDLTD,2024-07-29T00:00:00,100.0,104.0,99.11,100.12,1163573,0,True
VIMTALABS,2024-07-29T00:00:00,557.45,557.45,537.1,540.85,26315,0,True
ZUARIIND,2024-07-29T00:00:00,390.0,390.0,379.25,384.45,126684,0,True
GSLSU,2024-07-29T00:00:00,214.0,216.62,209.86,210.55,161202,0,True
NAHARSPING,2024-07-29T00:00:00,339.0,356.0,335.1,352.35,469925,0,True
SASTASUNDR,2024-07-29T00:00:00,316.3,319.0,309.95,313.05,45996,0,True
FOCUS,2024-07-29T00:00:00,134.63,136.0,130.0,131.31,699531,0,True
KELLTONTEC,2024-07-29T00:00:00,163.25,163.8,156.5,157.14,1123013,0,True
PLATIND,2024-07-29T00:00:00,286.8,288.9,273.61,277.17,830998,0,True
KERNEX,2024-07-29T00:00:00,570.05,573.0,551.5,557.1,83749,0,True
RAMCOSYS,2024-07-29T00:00:00,389.0,389.0,365.05,368.25,59717,0,True
WALCHANNAG,2024-07-29T00:00:00,374.56,379.96,366.65,379.96,385633,0,True
UNIENTER,2024-07-29T00:00:00,163.07,166.25,163.07,164.21,6706,0,True
SEMAC,2024-07-29T00:00:00,579.95,587.95,571.0,585.0,1358,0,True
VISAKAIND,2024-07-29T00:00:00,110.0,114.95,110.0,111.45,570428,0,True
LIKHITHA,2024-07-29T00:00:00,436.3,443.0,430.0,431.9,123489,0,True
AMNPLST,2024-07-29T00:00:00,321.95,325.0,307.9,313.35,62685,0,True
GPTINFRA,2024-07-29T00:00:00,176.4,176.9,168.0,170.2,267285,0,True
NINSYS,2024-07-29T00:00:00,476.1,487.95,476.1,478.65,3153,0,True
INFOBEAN,2024-07-29T00:00:00,438.35,447.4,433.0,438.25,18453,0,True
CENTENKA,2024-07-29T00:00:00,579.9,593.4,578.05,582.8,31970,0,True
HPAL,2024-07-29T00:00:00,102.7,103.8,101.69,102.06,340093,0,True
FAZE3Q,2024-07-29T00:00:00,537.5,556.0,513.5,516.6,173938,0,True
MAXIND,2024-07-29T00:00:00,322.8,322.8,313.05,316.15,50126,0,True
VLSFINANCE,2024-07-29T00:00:00,311.0,318.25,304.2,308.45,104928,0,True
SPECIALITY,2024-07-29T00:00:00,169.6,172.99,169.0,170.43,31828,0,True
CHEMCON,2024-07-29T00:00:00,264.0,268.35,260.65,261.9,60650,0,True
PPL,2024-07-29T00:00:00,506.0,523.0,497.0,498.95,168892,0,True
NCLIND,2024-07-29T00:00:00,235.9,239.5,234.05,237.25,241163,0,True
HEXATRADEX,2024-07-29T00:00:00,201.99,203.3,199.0,203.3,35668,0,True
SCHAND,2024-07-29T00:00:00,233.4,234.05,230.07,232.76,67444,0,True
DYCL,2024-07-29T00:00:00,595.5,602.95,588.45,592.15,40795,0,True
BAJAJHCARE,2024-07-29T00:00:00,364.35,374.7,359.15,368.05,202946,0,True
RSWM,2024-07-29T00:00:00,248.0,261.0,248.0,252.15,541889,0,True
SAKAR,2024-07-29T00:00:00,330.65,335.15,326.95,331.6,15383,0,True
HMVL,2024-07-29T00:00:00,101.61,102.9,100.0,100.91,65039,0,True
INDOAMIN,2024-07-29T00:00:00,154.0,155.99,149.1,150.63,214563,0,True
RUSHIL,2024-07-29T00:00:00,371.95,373.45,349.1,351.15,390268,0,True
ADSL,2024-07-29T00:00:00,231.7,236.0,224.75,230.57,776546,0,True
DBOL,2024-07-29T00:00:00,136.8,139.25,135.99,137.03,144213,0,True
DHARMAJ,2024-07-29T00:00:00,336.0,346.95,325.6,341.55,322434,0,True
PANACEABIO,2024-07-29T00:00:00,138.66,140.99,136.5,140.01,190114,0,True
STCINDIA,2024-07-29T00:00:00,222.5,230.5,207.65,212.7,1652306,0,True
MAANALU,2024-07-29T00:00:00,140.0,142.5,139.62,140.38,90083,0,True
NRAIL,2024-07-29T00:00:00,462.9,475.45,460.05,462.85,9461,0,True
JAGSNPHARM,2024-07-29T00:00:00,394.95,404.85,394.9,396.45,49220,0,True
GHCLTEXTIL,2024-07-29T00:00:00,107.48,109.4,103.42,104.31,2405378,0,True
KOTHARIPET,2024-07-29T00:00:00,179.0,181.55,174.4,176.47,294023,0,True
CONSOFINVT,2024-07-29T00:00:00,194.82,198.94,194.5,195.96,12098,0,True
ZUARI,2024-07-29T00:00:00,208.41,214.15,208.0,208.42,245006,0,True
GRMOVER,2024-07-29T00:00:00,206.98,209.75,200.61,202.79,145722,0,True
BEDMUTHA,2024-07-29T00:00:00,223.7,225.0,215.0,217.72,26005,0,True
SUKHJITS,2024-07-29T00:00:00,529.95,546.65,527.5,532.2,64602,0,True
ESTER,2024-07-29T00:00:00,114.29,138.93,113.95,138.93,5677312,0,True
WSI,2024-07-29T00:00:00,170.95,172.0,164.0,166.81,282292,0,True
TNPETRO,2024-07-29T00:00:00,104.7,105.85,102.5,102.77,546469,0,True
FOODSIN,2024-07-29T00:00:00,155.9,157.45,149.5,150.72,204595,0,True
THEINVEST,2024-07-29T00:00:00,176.65,185.48,176.65,183.92,20059,0,True
TBZ,2024-07-29T00:00:00,147.2,152.36,147.2,148.53,613798,0,True
KECL,2024-07-29T00:00:00,234.8,238.99,231.5,233.77,480787,0,True
EMAMIPAP,2024-07-29T00:00:00,134.0,138.75,134.0,137.17,98423,0,True
LOKESHMACH,2024-07-29T00:00:00,428.0,437.9,416.55,425.45,40481,0,True
AVG,2024-07-29T00:00:00,511.2,511.55,495.0,505.25,41181,0,True
DMCC,2024-07-29T00:00:00,303.0,303.0,294.0,297.0,16264,0,True
BIRLACABLE,2024-07-29T00:00:00,291.0,293.99,284.1,287.76,186159,0,True
JGCHEM,2024-07-29T00:00:00,265.9,268.9,255.2,257.29,209946,0,True
KRITI,2024-07-29T00:00:00,230.0,232.92,212.31,232.92,702768,0,True
ELIN,2024-07-29T00:00:00,197.0,202.81,195.32,197.79,157052,0,True
DPWIRES,2024-07-29T00:00:00,434.95,437.25,429.05,429.8,35882,0,True
OCCL,2024-07-29T00:00:00,340.0,344.5,326.25,334.8,49694,0,True
MUNJALSHOW,2024-07-29T00:00:00,166.0,168.61,161.84,163.1,229367,0,True
MMP,2024-07-29T00:00:00,336.0,358.45,335.4,337.65,363772,0,True
JAYAGROGN,2024-07-29T00:00:00,308.6,310.9,302.0,303.65,25025,0,True
SREEL,2024-07-29T00:00:00,315.5,320.0,306.6,307.85,55077,0,True
SPMLINFRA,2024-07-29T00:00:00,198.15,208.05,191.5,196.33,320905,0,True
BHAGERIA,2024-07-29T00:00:00,166.55,172.0,166.55,169.65,45196,0,True
VALIANTLAB,2024-07-29T00:00:00,140.0,140.0,135.52,135.86,106073,0,True
MENONBE,2024-07-29T00:00:00,131.0,138.3,130.25,134.99,147629,0,True
KILITCH,2024-07-29T00:00:00,358.55,370.15,356.05,361.25,14541,0,True
PAVNAIND,2024-07-29T00:00:00,477.5,499.9,473.2,484.8,62563,0,True
APEX,2024-07-29T00:00:00,292.98,294.4,280.2,282.74,804924,0,True
KAMATHOTEL,2024-07-29T00:00:00,234.0,237.9,225.77,228.54,54510,0,True
RUBYMILLS,2024-07-29T00:00:00,236.7,244.7,236.23,238.92,39309,0,True
LGHL,2024-07-29T00:00:00,306.2,306.2,291.05,292.05,2623,0,True
PRIMESECU,2024-07-29T00:00:00,266.9,266.9,259.1,264.6,64897,0,True
RBZJEWEL,2024-07-29T00:00:00,130.15,136.0,130.15,133.9,47688,0,True
PLASTIBLEN,2024-07-29T00:00:00,313.65,313.65,301.3,305.25,43402,0,True
PDMJEPAPER,2024-07-29T00:00:00,126.99,126.99,122.01,123.28,184324,0,True
INDSWFTLAB,2024-07-29T00:00:00,142.45,148.39,140.51,144.47,4558677,0,True
STEL,2024-07-29T00:00:00,450.0,455.9,436.0,437.5,11763,0,True
SIMPLEXINF,2024-07-29T00:00:00,152.9,152.9,141.01,143.14,132101,0,True
VINYLINDIA,2024-07-29T00:00:00,404.0,413.9,401.3,408.2,43846,0,True
HINDCOMPOS,2024-07-29T00:00:00,556.65,592.75,556.65,582.9,28379,0,True
DEEPENR,2024-07-29T00:00:00,173.46,177.78,168.85,172.3,45464,0,True
SHREYAS,2024-07-29T00:00:00,401.9,404.4,389.0,390.85,145488,0,True
SKMEGGPROD,2024-07-29T00:00:00,273.75,274.8,260.9,264.85,126694,0,True
RATNAVEER,2024-07-29T00:00:00,200.0,208.11,195.2,196.52,1114978,0,True
KHADIM,2024-07-29T00:00:00,382.25,417.25,382.25,408.8,470629,0,True
BIRLAMONEY,2024-07-29T00:00:00,166.41,168.01,163.56,165.48,250545,0,True
BBTCL,2024-07-29T00:00:00,242.6,248.31,242.6,243.57,1808,0,True
GEECEE,2024-07-29T00:00:00,380.0,390.0,375.5,380.95,24768,0,True
RACE,2024-07-29T00:00:00,419.2,421.8,409.05,412.9,17254,0,True
RITCO,2024-07-29T00:00:00,319.9,330.0,318.65,327.15,178932,0,True
BALAXI,2024-07-29T00:00:00,113.0,121.0,113.0,119.88,62433,0,True
PYRAMID,2024-07-29T00:00:00,194.0,202.53,188.57,199.5,751121,0,True
REMSONSIND,2024-07-29T00:00:00,188.95,191.2,184.55,188.4,25948,0,True
UFO,2024-07-29T00:00:00,132.25,145.25,131.0,141.83,1983858,0,True
INDOBORAX,2024-07-29T00:00:00,190.0,194.58,187.81,189.83,104550,0,True
MOLDTECH,2024-07-29T00:00:00,266.85,267.65,255.5,256.45,230636,0,True
MINDTECK,2024-07-29T00:00:00,438.4,441.9,416.15,430.7,373712,0,True
20MICRONS,2024-07-29T00:00:00,263.01,294.8,256.1,277.9,6258523,0,True
ORIENTBELL,2024-07-29T00:00:00,410.0,411.8,400.3,402.7,32873,0,True
DONEAR,2024-07-29T00:00:00,143.8,144.79,138.61,140.28,265122,0,True
CAREERP,2024-07-29T00:00:00,487.3,505.0,478.05,497.7,74498,0,True
SHREEPUSHK,2024-07-29T00:00:00,244.0,250.08,239.84,246.31,92401,0,True
DIAMINESQ,2024-07-29T00:00:00,640.0,640.0,588.05,597.75,74904,0,True
SILINV,2024-07-29T00:00:00,583.9,605.95,566.05,592.05,11356,0,True
BANSWRAS,2024-07-29T00:00:00,173.88,173.88,169.0,170.01,76872,0,True
APCL,2024-07-29T00:00:00,202.85,202.85,198.72,201.13,14361,0,True
NAHARINDUS,2024-07-29T00:00:00,157.45,162.0,155.8,158.65,331412,0,True
SGIL,2024-07-29T00:00:00,345.95,360.0,345.95,356.4,39483,0,True
MEDICAMEQ,2024-07-29T00:00:00,450.0,455.3,440.35,442.95,30980,0,True
TPLPLASTEH,2024-07-29T00:00:00,106.75,109.72,105.17,109.72,957442,0,True
RSSOFTWARE,2024-07-29T00:00:00,279.0,279.0,266.41,266.85,135765,0,True
WANBURY,2024-07-29T00:00:00,222.45,222.45,214.1,215.9,488565,0,True
KANORICHEM,2024-07-29T00:00:00,125.8,129.0,124.93,126.46,61253,0,True
VSTL,2024-07-29T00:00:00,293.0,298.8,282.0,290.8,164689,0,True
LIBERTSHOE,2024-07-29T00:00:00,479.85,515.9,467.25,514.0,482634,0,True
GLOBAL,2024-07-29T00:00:00,167.5,176.68,167.5,176.68,36658,0,True
TVSELECT,2024-07-29T00:00:00,368.45,377.0,367.5,369.35,86212,0,True
KRITINUT,2024-07-29T00:00:00,114.0,125.78,114.0,124.32,334743,0,True
NAHARCAP,2024-07-29T00:00:00,326.2,336.0,326.2,330.95,66543,0,True
ZIMLAB,2024-07-29T00:00:00,114.41,117.45,111.98,115.8,266151,0,True
UNIDT,2024-07-29T00:00:00,236.0,243.29,236.0,238.39,19104,0,True
SARLAPOLY,2024-07-29T00:00:00,103.84,114.0,103.66,111.88,3092490,0,True
TRF,2024-07-29T00:00:00,538.0,539.3,519.95,521.35,30132,0,True
AUTOIND,2024-07-29T00:00:00,126.0,127.4,123.8,124.42,221686,0,True
MUTHOOTCAP,2024-07-29T00:00:00,337.2,341.3,335.0,336.65,61589,0,True
AYMSYNTEX,2024-07-29T00:00:00,122.7,128.5,121.0,124.04,103964,0,True
NAHARPOLY,2024-07-29T00:00:00,299.2,311.7,297.63,305.56,69784,0,True
IITL,2024-07-29T00:00:00,182.0,189.56,178.67,181.25,23697,0,True
GOLDTECH,2024-07-29T00:00:00,155.99,158.8,136.72,138.22,740889,0,True
VENUSREM,2024-07-29T00:00:00,406.85,419.65,401.95,407.1,105606,0,True
WINDMACHIN,2024-07-29T00:00:00,177.0,181.79,166.7,169.16,282091,0,True
BPL,2024-07-29T00:00:00,129.7,132.87,127.0,130.51,98045,0,True
CYBERTECH,2024-07-29T00:00:00,195.0,201.15,195.0,195.82,330223,0,True
CINELINE,2024-07-29T00:00:00,132.5,132.5,126.99,131.11,66933,0,True
NIPPOBATRY,2024-07-29T00:00:00,580.0,598.7,580.0,588.15,12631,0,True
PREMIERPOL,2024-07-29T00:00:00,222.3,229.62,222.12,225.46,33645,0,True
RPPINFRA,2024-07-29T00:00:00,199.7,202.5,192.02,196.0,411561,0,True
SEJALLTD,2024-07-29T00:00:00,361.8,363.65,342.15,345.0,2485,0,True
SHEMAROO,2024-07-29T00:00:00,162.8,166.85,162.4,163.36,38670,0,True
IFBAGRO,2024-07-29T00:00:00,573.9,575.0,560.0,560.15,2579,0,True
DICIND,2024-07-29T00:00:00,555.8,558.8,540.6,543.75,7975,0,True
PRECOT,2024-07-29T00:00:00,489.0,505.0,482.0,493.25,1550,0,True
ASAHISONG,2024-07-29T00:00:00,480.0,493.85,456.35,493.85,180707,0,True
ORBTEXP,2024-07-29T00:00:00,178.05,179.87,175.07,178.07,9035,0,True
MODISONLTD,2024-07-29T00:00:00,158.0,161.01,156.8,161.01,112854,0,True
AURUM,2024-07-29T00:00:00,170.0,174.0,167.31,168.53,96832,0,True
SAHYADRI,2024-07-29T00:00:00,393.1,403.5,393.1,399.6,4148,0,True
UNIVPHOTO,2024-07-29T00:00:00,365.9,371.9,362.0,370.2,2357,0,True
SCPL,2024-07-29T00:00:00,432.0,439.9,427.55,433.0,17617,0,True
SIGMA,2024-07-29T00:00:00,413.5,415.9,401.95,404.85,4318,0,True
IZMO,2024-07-29T00:00:00,511.45,527.0,487.55,494.8,196723,0,True
SINTERCOM,2024-07-29T00:00:00,129.99,133.3,128.01,129.0,73144,0,True
PODDARMENT,2024-07-29T00:00:00,434.0,443.0,433.05,439.3,9513,0,True
DCMNVL,2024-07-29T00:00:00,256.14,264.85,255.2,263.79,42368,0,True
LYKALABS,2024-07-29T00:00:00,125.0,128.52,122.0,122.54,183336,0,True
STARPAPER,2024-07-29T00:00:00,247.55,249.45,245.0,245.9,19471,0,True
SRGHFL,2024-07-29T00:00:00,389.9,406.95,386.6,398.6,14087,0,True
PONNIERODE,2024-07-29T00:00:00,527.0,554.0,527.0,548.95,90501,0,True
KOTHARIPRO,2024-07-29T00:00:00,207.3,211.8,197.35,205.95,204838,0,True
HITECHCORP,2024-07-29T00:00:00,251.35,254.5,246.0,247.61,31547,0,True
URAVI,2024-07-29T00:00:00,610.0,610.0,576.85,580.35,11034,0,True
RUCHIRA,2024-07-29T00:00:00,137.9,137.99,134.85,136.18,75498,0,True
MAHEPC,2024-07-29T00:00:00,152.25,152.25,145.0,146.54,41407,0,True
MAWANASUG,2024-07-29T00:00:00,115.77,118.6,115.09,115.86,245199,0,True
RHL,2024-07-29T00:00:00,212.99,238.18,212.98,237.73,822475,0,True
NATHBIOGEN,2024-07-29T00:00:00,241.1,245.95,236.0,241.85,26241,0,True
EIFFL,2024-07-29T00:00:00,148.32,149.98,146.18,146.66,31127,0,True
UCAL,2024-07-29T00:00:00,163.9,167.5,163.51,166.33,32029,0,True
COASTCORP,2024-07-29T00:00:00,303.0,305.14,293.7,297.12,71471,0,True
BIL,2024-07-29T00:00:00,461.15,486.8,461.15,479.35,1840,0,True
ARIES,2024-07-29T00:00:00,284.0,286.9,275.95,276.85,62454,0,True
DYNPRO,2024-07-29T00:00:00,372.0,385.5,365.0,375.7,17517,0,True
MHLXMIRU,2024-07-29T00:00:00,204.0,209.8,199.75,204.97,36425,0,True
NDLVENTURE,2024-07-29T00:00:00,134.0,134.65,119.2,121.1,1502718,0,True
SMLT,2024-07-29T00:00:00,199.0,199.0,188.0,189.05,30568,0,True
HARRMALAYA,2024-07-29T00:00:00,236.4,250.99,230.81,244.55,290732,0,True
SOFTTECH,2024-07-29T00:00:00,340.15,367.55,340.15,348.55,10347,0,True
MANOMAY,2024-07-29T00:00:00,265.0,273.5,249.55,261.75,98697,0,True
REPL,2024-07-29T00:00:00,184.15,196.92,183.0,190.31,85410,0,True
SHREYANIND,2024-07-29T00:00:00,299.15,319.05,296.8,299.75,101647,0,True
TIPSFILMS,2024-07-29T00:00:00,551.45,551.45,516.55,519.1,19086,0,True
SOUTHWEST,2024-07-29T00:00:00,106.8,107.5,104.5,104.86,241464,0,True
TRIGYN,2024-07-29T00:00:00,138.88,139.0,134.25,135.13,42408,0,True
EMKAY,2024-07-29T00:00:00,175.95,178.95,172.88,176.8,23364,0,True
INDOTHAI,2024-07-29T00:00:00,285.0,285.0,264.0,268.4,33809,0,True
RAMAPHO,2024-07-29T00:00:00,188.4,198.0,188.4,196.1,48375,0,True
LORDSCHLO,2024-07-29T00:00:00,133.09,137.99,132.0,132.39,9944,0,True
TEMBO,2024-07-29T00:00:00,225.0,226.77,222.01,223.72,42683,0,True
ZODIACLOTH,2024-07-29T00:00:00,136.85,136.85,133.0,134.42,9356,0,True
AARON,2024-07-29T00:00:00,270.0,314.5,265.05,294.55,554122,0,True
JAYSREETEA,2024-07-29T00:00:00,125.0,130.74,125.0,127.61,372221,0,True
INTENTECH,2024-07-29T00:00:00,156.0,160.0,151.5,152.36,41889,0,True
PAR,2024-07-29T00:00:00,246.0,248.83,241.5,242.86,16573,0,True
MEGASTAR,2024-07-29T00:00:00,308.9,309.0,292.0,293.5,7703,0,True
BHAGYANGR,2024-07-29T00:00:00,111.45,117.68,111.11,112.09,218445,0,True
TARACHAND,2024-07-29T00:00:00,460.0,463.25,448.0,463.25,50182,0,True
ASIANHOTNR,2024-07-29T00:00:00,213.0,213.12,201.3,204.76,8532,0,True
SVLL,2024-07-29T00:00:00,237.5,239.78,218.51,225.88,10736,0,True
GUJAPOLLO,2024-07-29T00:00:00,275.05,282.8,273.0,275.63,20334,0,True
NURECA,2024-07-29T00:00:00,266.45,269.85,266.25,266.7,14121,0,True
STARTECK,2024-07-29T00:00:00,265.0,276.95,265.0,275.0,307,0,True
RKEC,2024-07-29T00:00:00,126.69,126.69,126.69,126.69,23233,0,True
LOYALTEX,2024-07-29T00:00:00,586.35,606.4,575.9,594.75,1550,0,True
KAPSTON,2024-07-29T00:00:00,399.0,399.0,376.0,379.15,4199,0,True
THOMASCOTT,2024-07-29T00:00:00,269.95,271.75,269.95,271.75,1307,0,True
PPAP,2024-07-29T00:00:00,214.8,217.94,209.23,210.79,23284,0,True
DELPHIFX,2024-07-29T00:00:00,226.27,226.27,220.0,226.27,17519,0,True
DCI,2024-07-29T00:00:00,372.99,393.0,364.0,380.71,42055,0,True
AHLEAST,2024-07-29T00:00:00,130.0,140.0,129.97,137.77,84766,0,True
VETO,2024-07-29T00:00:00,163.0,171.8,162.49,163.92,1517362,0,True
MANORG,2024-07-29T00:00:00,425.0,440.0,409.1,430.65,14402,0,True
AIROLAM,2024-07-29T00:00:00,132.99,132.99,121.55,126.05,133312,0,True
TTL,2024-07-29T00:00:00,115.2,129.9,115.2,126.99,980133,0,True
JMA,2024-07-29T00:00:00,107.59,108.53,105.0,105.91,37596,0,True
CORDSCABLE,2024-07-29T00:00:00,257.0,257.65,249.0,252.81,44928,0,True
DEVIT,2024-07-29T00:00:00,145.95,146.4,138.99,140.02,69216,0,True
IRIS,2024-07-29T00:00:00,286.11,286.11,285.98,285.98,11932,0,True
CROWN,2024-07-29T00:00:00,285.0,288.65,276.0,288.65,39296,0,True
RANEENGINE,2024-07-29T00:00:00,393.9,405.0,393.9,403.4,9053,0,True
OMAXAUTO,2024-07-29T00:00:00,160.59,160.59,155.06,160.59,54045,0,True
TREJHARA,2024-07-29T00:00:00,182.0,189.9,177.5,185.57,31197,0,True
PRITI,2024-07-29T00:00:00,136.37,138.99,135.2,137.1,14159,0,True
SUPERHOUSE,2024-07-29T00:00:00,230.8,241.52,230.8,239.32,85547,0,True
ALPHAGEO,2024-07-29T00:00:00,466.0,473.0,458.3,460.3,9684,0,True
LAGNAM,2024-07-29T00:00:00,160.0,165.0,158.65,160.48,47019,0,True
AKSHARCHEM,2024-07-29T00:00:00,329.3,358.75,329.3,348.05,102233,0,True
ASPINWALL,2024-07-29T00:00:00,284.0,315.9,283.7,296.8,121838,0,True
DTIL,2024-07-29T00:00:00,234.9,238.3,231.0,233.12,19348,0,True
KANPRPLA,2024-07-29T00:00:00,115.8,119.65,115.79,118.17,80661,0,True
MAHAPEXLTD,2024-07-29T00:00:00,168.0,168.0,160.1,162.1,18753,0,True
DJML,2024-07-29T00:00:00,326.75,327.05,312.0,320.55,9867,0,True
SHIVATEX,2024-07-29T00:00:00,191.1,198.89,191.01,192.4,42382,0,True
DHRUV,2024-07-29T00:00:00,130.45,132.0,130.0,130.0,7748,0,True
NITIRAJ,2024-07-29T00:00:00,286.2,286.2,286.2,286.2,3656,0,True
ATAM,2024-07-29T00:00:00,189.01,197.73,183.0,188.57,438728,0,True
AARVI,2024-07-29T00:00:00,152.0,152.0,140.33,141.51,89367,0,True
WEIZMANIND,2024-07-29T00:00:00,118.5,121.73,116.25,117.09,19826,0,True
GLOBALVECT,2024-07-29T00:00:00,295.54,295.54,285.0,295.54,38759,0,True
SMARTLINK,2024-07-29T00:00:00,295.75,295.75,285.3,292.35,1676,0,True
XELPMOC,2024-07-29T00:00:00,115.0,118.9,112.5,115.1,30049,0,True
UMANGDAIRY,2024-07-29T00:00:00,133.27,134.0,127.0,130.33,60356,0,True
BSL,2024-07-29T00:00:00,210.5,210.5,207.0,207.96,16418,0,True
MAHASTEEL,2024-07-29T00:00:00,105.99,109.75,105.05,107.5,65344,0,True
CTE,2024-07-29T00:00:00,119.0,123.92,117.0,119.4,26117,0,True
AARTECH,2024-07-29T00:00:00,215.27,215.27,200.0,215.26,96878,0,True
SALONA,2024-07-29T00:00:00,307.2,315.0,302.8,306.6,3917,0,True
LOVABLE,2024-07-29T00:00:00,158.9,171.0,156.83,159.13,1020989,0,True
ISFT,2024-07-29T00:00:00,136.94,139.0,134.8,136.33,69212,0,True
IVP,2024-07-29T00:00:00,208.75,209.01,200.3,204.03,11063,0,True
WORTH,2024-07-29T00:00:00,133.8,140.0,133.8,137.94,195911,0,True
EMMBI,2024-07-29T00:00:00,109.0,110.42,107.01,107.74,45007,0,True
ARVEE,2024-07-29T00:00:00,180.5,180.5,176.0,176.92,377,0,True
UNITEDTEA,2024-07-29T00:00:00,431.9,447.45,422.2,426.3,7350,0,True
UNIVASTU,2024-07-29T00:00:00,171.1,180.0,171.1,179.39,4422,0,True
SOMICONVEY,2024-07-29T00:00:00,197.66,201.65,197.66,199.0,5134,0,True
KAKATCEM,2024-07-29T00:00:00,244.9,247.9,235.1,235.8,23315,0,True
BHARATGEAR,2024-07-29T00:00:00,110.1,110.74,108.92,109.26,62986,0,True
CAPTRUST,2024-07-29T00:00:00,147.3,148.75,140.31,141.2,105344,0,True
TOTAL,2024-07-29T00:00:00,110.5,116.02,110.5,116.02,94142,0,True
MITCON,2024-07-29T00:00:00,142.95,143.0,140.5,140.98,23885,0,True
TOUCHWOOD,2024-07-29T00:00:00,139.94,139.95,136.12,136.88,3011,0,True
JOCIL,2024-07-29T00:00:00,196.0,196.89,194.06,195.56,9160,0,True
VAISHALI,2024-07-29T00:00:00,161.4,166.0,156.0,156.93,37353,0,True
KALYANIFRG,2024-07-29T00:00:00,577.35,577.35,551.0,553.8,1467,0,True
RELCHEMQ,2024-07-29T00:00:00,235.9,241.8,232.51,237.32,15380,0,True
INDIANCARD,2024-07-29T00:00:00,285.0,285.0,275.55,278.7,8852,0,True
MANGALAM,2024-07-29T00:00:00,111.4,114.0,109.1,112.24,113393,0,True
PALREDTEC,2024-07-29T00:00:00,111.99,111.99,103.55,107.16,30523,0,True
BALPHARMA,2024-07-29T00:00:00,117.0,119.95,116.96,118.27,19906,0,True
LAMBODHARA,2024-07-29T00:00:00,185.99,185.99,172.0,173.77,310388,0,True
CUBEXTUB,2024-07-29T00:00:00,116.31,116.31,116.31,116.31,4469,0,True
AHLADA,2024-07-29T00:00:00,114.25,114.7,111.15,113.38,28749,0,True
HPIL,2024-07-29T00:00:00,165.31,165.31,160.21,161.19,2832,0,True
PANSARI,2024-07-29T00:00:00,147.51,147.51,147.51,147.51,13404,0,True
S&SPOWER,2024-07-29T00:00:00,367.2,367.2,367.2,367.2,4131,0,True
AGRITECH,2024-07-29T00:00:00,260.4,260.4,242.25,243.6,133489,0,True
DCM,2024-07-29T00:00:00,109.0,111.76,104.2,106.87,384962,0,True
SHRADHA,2024-07-29T00:00:00,126.0,130.56,125.5,130.56,16533,0,True
WIPL,2024-07-29T00:00:00,156.3,159.02,154.03,157.61,6861,0,True
PALASHSECU,2024-07-29T00:00:00,140.0,140.0,135.95,138.3,4442,0,True
TAINWALCHM,2024-07-29T00:00:00,201.0,213.84,201.0,213.65,11358,0,True
GANGESSECU,2024-07-29T00:00:00,173.0,173.0,165.0,165.46,10770,0,True
SIKKO,2024-07-29T00:00:00,116.0,118.89,114.0,115.49,121264,0,True
AVROIND,2024-07-29T00:00:00,115.0,119.36,113.96,116.1,31210,0,True
ALKALI,2024-07-29T00:00:00,136.0,136.0,130.0,131.34,65148,0,True
AAATECH,2024-07-29T00:00:00,103.22,107.0,103.22,105.87,57703,0,True
BANKA,2024-07-29T00:00:00,128.61,128.61,128.0,128.5,29617,0,True
KEYFINSERV,2024-07-29T00:00:00,284.5,299.0,278.33,282.27,12212,0,True
PKTEA,2024-07-29T00:00:00,405.05,416.45,395.05,403.65,276,0,True
HISARMETAL,2024-07-29T00:00:00,199.32,204.4,199.21,200.52,5351,0,True
SECMARK,2024-07-29T00:00:00,100.0,102.88,99.95,100.16,1024,0,True
TOKYOPLAST,2024-07-29T00:00:00,116.5,120.0,115.0,116.05,16797,0,True
ZENITHEXPO,2024-07-29T00:00:00,292.05,308.25,292.05,298.2,4945,0,True
PANACHE,2024-07-29T00:00:00,126.0,128.52,126.0,128.52,6420,0,True
PIGL,2024-07-29T00:00:00,105.18,105.18,105.18,105.18,26188,0,True
TIMESGTY,2024-07-29T00:00:00,130.6,133.59,130.0,130.12,1864,0,True
HECPROJECT,2024-07-29T00:00:00,111.85,111.85,111.85,111.85,4696,0,True
HBSL,2024-07-29T00:00:00,153.5,165.71,146.65,162.42,120928,0,True
BANARBEADS,2024-07-29T00:00:00,104.34,104.34,100.51,100.86,13864,0,True
LFIC,2024-07-29T00:00:00,216.0,216.0,207.32,209.34,12397,0,True
KALYANI,2023-02-21T00:00:00,125.25,125.25,125.25,125.25,30,0,True
NIRAJISPAT,2024-03-14T00:00:00,191.4,191.4,191.4,191.4,12,0,True
